{"cameraMode":{"drawMode":0,"name":"Shaded","section":"Shading Mode"},"sceneLighting":false,"audioPlay":false,"sceneViewState":{"showFog":true,"showMaterialUpdate":true,"showSkybox":false,"showFlares":true,"showImageEffects":true,"showParticleSystems":true},"in2DMode":false,"pivot":{"x":0.7776196599006653,"y":-0.6311381459236145,"z":0.0012586116790771485},"rotation":{"x":0.011549824848771096,"y":-0.710426926612854,"z":0.01178415771573782,"w":0.7036166191101074},"size":1.9792201519012452,"orthographic":false}