{"cameraMode":{"drawMode":0,"name":"Shaded","section":"Shading Mode"},"sceneLighting":false,"audioPlay":false,"sceneViewState":{"showFog":true,"showMaterialUpdate":true,"showSkybox":false,"showFlares":true,"showImageEffects":true,"showParticleSystems":true},"in2DMode":false,"pivot":{"x":1.1132150888442994,"y":-0.7972643375396729,"z":2.226933240890503},"rotation":{"x":-0.13606984913349152,"y":0.009814860299229622,"z":-0.0013489654520526529,"w":-0.9906522631645203},"size":2.328220844268799,"orthographic":false}