{"cameraMode":{"drawMode":0,"name":"Shaded","section":"Shading Mode"},"sceneLighting":false,"audioPlay":false,"sceneViewState":{"showFog":true,"showMaterialUpdate":true,"showSkybox":false,"showFlares":true,"showImageEffects":true,"showParticleSystems":true},"in2DMode":false,"pivot":{"x":0.40938568115234377,"y":-4.978572368621826,"z":-0.47418081760406496},"rotation":{"x":0.028797969222068788,"y":-0.7080309987068176,"z":0.028901206329464914,"w":0.7050468921661377},"size":30.14551544189453,"orthographic":false}