{"cameraMode":{"drawMode":0,"name":"Shaded","section":"Shading Mode"},"sceneLighting":true,"audioPlay":false,"sceneViewState":{"showFog":true,"showMaterialUpdate":true,"showSkybox":true,"showFlares":true,"showImageEffects":true,"showParticleSystems":true},"in2DMode":false,"pivot":{"x":-10.766288757324219,"y":0.986766517162323,"z":-0.8985595107078552},"rotation":{"x":-0.026611749082803727,"y":-0.7317833304405212,"z":-0.028497062623500825,"w":0.6804670691490173},"size":7.670732021331787,"orthographic":false}