{"cameraMode":{"drawMode":0,"name":"Shaded","section":"Shading Mode"},"sceneLighting":true,"audioPlay":false,"sceneViewState":{"showFog":true,"showMaterialUpdate":true,"showSkybox":true,"showFlares":true,"showImageEffects":true,"showParticleSystems":true},"in2DMode":false,"pivot":{"x":-2.286322593688965,"y":0.8446150422096252,"z":0.34848710894584658},"rotation":{"x":0.05381779372692108,"y":0.6626609563827515,"z":0.047739848494529727,"w":-0.7455127239227295},"size":2.7160162925720217,"orthographic":false}