{"cameraMode":{"drawMode":0,"name":"Shaded","section":"Shading Mode"},"sceneLighting":false,"audioPlay":false,"sceneViewState":{"showFog":true,"showMaterialUpdate":true,"showSkybox":false,"showFlares":true,"showImageEffects":true,"showParticleSystems":true},"in2DMode":false,"pivot":{"x":-1.2062487602233887,"y":-0.0502285361289978,"z":0.06949976831674576},"rotation":{"x":-0.05475232005119324,"y":-0.6956779956817627,"z":-0.05332056060433388,"w":0.7142819762229919},"size":2.5649421215057375,"orthographic":false}