{"cameraMode":{"drawMode":0,"name":"Shaded","section":"Shading Mode"},"sceneLighting":false,"audioPlay":false,"sceneViewState":{"showFog":true,"showMaterialUpdate":true,"showSkybox":false,"showFlares":true,"showImageEffects":true,"showParticleSystems":true},"in2DMode":false,"pivot":{"x":-5.49229621887207,"y":-0.12077850103378296,"z":0.13058030605316163},"rotation":{"x":-0.073698990046978,"y":0.6751505136489868,"z":-0.06808136403560639,"w":-0.7308461666107178},"size":0.8874027729034424,"orthographic":false}