{"cameraMode":{"drawMode":0,"name":"Shaded","section":"Shading Mode"},"sceneLighting":false,"audioPlay":false,"sceneViewState":{"showFog":true,"showMaterialUpdate":true,"showSkybox":false,"showFlares":true,"showImageEffects":true,"showParticleSystems":true},"in2DMode":false,"pivot":{"x":1.5327539443969727,"y":-0.65972900390625,"z":-0.241943359375},"rotation":{"x":0.020891645923256875,"y":-0.9590996503829956,"z":0.07351409643888474,"w":0.27257493138313296},"size":0.46490243077278139,"orthographic":true}