{"cameraMode":{"drawMode":0,"name":"Shaded","section":"Shading Mode"},"sceneLighting":false,"audioPlay":false,"sceneViewState":{"showFog":true,"showMaterialUpdate":true,"showSkybox":false,"showFlares":true,"showImageEffects":true,"showParticleSystems":true},"in2DMode":false,"pivot":{"x":-1.9670648574829102,"y":-0.0220947265625,"z":-0.06931686401367188},"rotation":{"x":0.0009490742231719196,"y":-0.9990614652633667,"z":0.029981102794408799,"w":0.03235394507646561},"size":1.0284812450408936,"orthographic":true}