{"cameraMode":{"drawMode":0,"name":"Shaded","section":"Shading Mode"},"sceneLighting":false,"audioPlay":false,"sceneViewState":{"showFog":true,"showMaterialUpdate":true,"showSkybox":false,"showFlares":true,"showImageEffects":true,"showParticleSystems":true},"in2DMode":false,"pivot":{"x":1.1888456344604493,"y":-0.02550405263900757,"z":-0.10749614238739014},"rotation":{"x":0.025291351601481439,"y":-0.7090062499046326,"z":0.025610750541090967,"w":0.7043231129646301},"size":1.0913954973220826,"orthographic":false}