{"cameraMode":{"drawMode":0,"name":"Shaded","section":"Shading Mode"},"sceneLighting":false,"audioPlay":false,"sceneViewState":{"showFog":true,"showMaterialUpdate":true,"showSkybox":false,"showFlares":true,"showImageEffects":true,"showParticleSystems":true},"in2DMode":false,"pivot":{"x":-1.5269440412521363,"y":0.009299099445343018,"z":0.12151330709457398},"rotation":{"x":0.06781795620918274,"y":-0.6673458218574524,"z":0.06123644486069679,"w":0.7391388416290283},"size":1.0488555431365967,"orthographic":false}