{"cameraMode":{"drawMode":0,"name":"Shaded","section":"Shading Mode"},"sceneLighting":false,"audioPlay":false,"sceneViewState":{"showFog":true,"showMaterialUpdate":true,"showSkybox":false,"showFlares":true,"showImageEffects":true,"showParticleSystems":true},"in2DMode":false,"pivot":{"x":2.3054656982421877,"y":-4.193920135498047,"z":1.7058653831481934},"rotation":{"x":0.10812144726514816,"y":-0.652569591999054,"z":0.0948290154337883,"w":0.7440125346183777},"size":46.27854919433594,"orthographic":false}