{"cameraMode":{"drawMode":0,"name":"Shaded","section":"Shading Mode"},"sceneLighting":false,"audioPlay":false,"sceneViewState":{"showFog":true,"showMaterialUpdate":true,"showSkybox":false,"showFlares":true,"showImageEffects":true,"showParticleSystems":true},"in2DMode":false,"pivot":{"x":1.1884260177612305,"y":-0.03892579674720764,"z":-0.0864320769906044},"rotation":{"x":-0.01352448295801878,"y":0.9808109402656555,"z":-0.073698990046978,"w":-0.17998859286308289},"size":1.0532640218734742,"orthographic":false}