{"cameraMode":{"drawMode":0,"name":"Shaded","section":"Shading Mode"},"sceneLighting":false,"audioPlay":false,"sceneViewState":{"showFog":true,"showMaterialUpdate":true,"showSkybox":false,"showFlares":true,"showImageEffects":true,"showParticleSystems":true},"in2DMode":false,"pivot":{"x":0.38761457800865176,"y":-0.11157163977622986,"z":0.41746562719345095},"rotation":{"x":0.011549824848771096,"y":-0.710426926612854,"z":0.01178415771573782,"w":0.7036166191101074},"size":0.9564031958580017,"orthographic":false}