{"cameraMode":{"drawMode":0,"name":"Shaded","section":"Shading Mode"},"sceneLighting":false,"audioPlay":false,"sceneViewState":{"showFog":true,"showMaterialUpdate":true,"showSkybox":false,"showFlares":true,"showImageEffects":true,"showParticleSystems":true},"in2DMode":false,"pivot":{"x":-0.9112026691436768,"y":0.04755711182951927,"z":0.06969937682151795},"rotation":{"x":0.027939612045884134,"y":0.7993665337562561,"z":0.037151411175727847,"w":-0.5991105437278748},"size":0.1747419387102127,"orthographic":false}